{
  "username": "23ydobemos",
  "tweets": 44,
  "ownTweets": 21,
  "ownTweetsPercentage": 47.72727272727273,
  "retweets": 20,
  "retweetsPercentage": 45.45454545454545,
  "replies": 3,
  "repliesPercentage": 6.818181818181818,
  "retweeted": 14,
  "retweetedKpi": 0.67,
  "favorited": 14,
  "favoritedKpi": 0.67
}
