{
  "username": "23ydobemos",
  "tweets": 233,
  "ownTweets": 100,
  "ownTweetsPercentage": 42.918454935622314,
  "retweets": 106,
  "retweetsPercentage": 45.493562231759654,
  "replies": 27,
  "repliesPercentage": 11.587982832618025,
  "retweeted": 31,
  "retweetedKpi": 0.31,
  "favorited": 82,
  "favoritedKpi": 0.82
}
