{
  "username": "23ydobemos",
  "tweets": 214,
  "ownTweets": 100,
  "ownTweetsPercentage": 46.72897196261682,
  "retweets": 89,
  "retweetsPercentage": 41.58878504672897,
  "replies": 25,
  "repliesPercentage": 11.682242990654204,
  "retweeted": 31,
  "retweetedKpi": 0.31,
  "favorited": 79,
  "favoritedKpi": 0.79
}
