{
  "username": "23ydobemos",
  "tweets": 29,
  "ownTweets": 20,
  "ownTweetsPercentage": 68.96551724137932,
  "retweets": 8,
  "retweetsPercentage": 27.586206896551726,
  "replies": 1,
  "repliesPercentage": 3.4482758620689657,
  "retweeted": 10,
  "retweetedKpi": 0.5,
  "favorited": 9,
  "favoritedKpi": 0.45
}
