{
  "username": "23ydobemos",
  "tweets": 253,
  "ownTweets": 104,
  "ownTweetsPercentage": 41.10671936758894,
  "retweets": 119,
  "retweetsPercentage": 47.03557312252965,
  "replies": 30,
  "repliesPercentage": 11.857707509881424,
  "retweeted": 31,
  "retweetedKpi": 0.3,
  "favorited": 107,
  "favoritedKpi": 1.03
}
