{
  "username": "23ydobemos",
  "tweets": 47,
  "ownTweets": 21,
  "ownTweetsPercentage": 44.68085106382979,
  "retweets": 23,
  "retweetsPercentage": 48.93617021276596,
  "replies": 3,
  "repliesPercentage": 6.382978723404256,
  "retweeted": 14,
  "retweetedKpi": 0.67,
  "favorited": 14,
  "favoritedKpi": 0.67
}
