{
  "username": "23ydobemos",
  "tweets": 46,
  "ownTweets": 21,
  "ownTweetsPercentage": 45.65217391304348,
  "retweets": 22,
  "retweetsPercentage": 47.826086956521735,
  "replies": 3,
  "repliesPercentage": 6.521739130434782,
  "retweeted": 14,
  "retweetedKpi": 0.67,
  "favorited": 14,
  "favoritedKpi": 0.67
}
