{
  "username": "23ydobemos",
  "tweets": 92,
  "ownTweets": 42,
  "ownTweetsPercentage": 45.65217391304348,
  "retweets": 42,
  "retweetsPercentage": 45.65217391304348,
  "replies": 8,
  "repliesPercentage": 8.695652173913043,
  "retweeted": 15,
  "retweetedKpi": 0.36,
  "favorited": 31,
  "favoritedKpi": 0.74
}
