{
  "username": "23ydobemos",
  "tweets": 142,
  "ownTweets": 80,
  "ownTweetsPercentage": 56.33802816901409,
  "retweets": 50,
  "retweetsPercentage": 35.21126760563381,
  "replies": 12,
  "repliesPercentage": 8.450704225352114,
  "retweeted": 20,
  "retweetedKpi": 0.25,
  "favorited": 62,
  "favoritedKpi": 0.78
}
