{
  "username": "23ydobemos",
  "tweets": 143,
  "ownTweets": 80,
  "ownTweetsPercentage": 55.94405594405595,
  "retweets": 50,
  "retweetsPercentage": 34.96503496503497,
  "replies": 13,
  "repliesPercentage": 9.090909090909092,
  "retweeted": 20,
  "retweetedKpi": 0.25,
  "favorited": 62,
  "favoritedKpi": 0.78
}
