{
  "username": "23ydobemos",
  "tweets": 101,
  "ownTweets": 47,
  "ownTweetsPercentage": 46.53465346534654,
  "retweets": 46,
  "retweetsPercentage": 45.54455445544554,
  "replies": 8,
  "repliesPercentage": 7.920792079207921,
  "retweeted": 15,
  "retweetedKpi": 0.32,
  "favorited": 31,
  "favoritedKpi": 0.66
}
