{
  "username": "23ydobemos",
  "tweets": 99,
  "ownTweets": 47,
  "ownTweetsPercentage": 47.474747474747474,
  "retweets": 44,
  "retweetsPercentage": 44.44444444444444,
  "replies": 8,
  "repliesPercentage": 8.080808080808081,
  "retweeted": 15,
  "retweetedKpi": 0.32,
  "favorited": 31,
  "favoritedKpi": 0.66
}
