{
  "username": "23ydobemos",
  "tweets": 122,
  "ownTweets": 65,
  "ownTweetsPercentage": 53.278688524590166,
  "retweets": 48,
  "retweetsPercentage": 39.34426229508197,
  "replies": 9,
  "repliesPercentage": 7.377049180327869,
  "retweeted": 18,
  "retweetedKpi": 0.28,
  "favorited": 61,
  "favoritedKpi": 0.94
}
