{
  "username": "23ydobemos",
  "tweets": 191,
  "ownTweets": 96,
  "ownTweetsPercentage": 50.261780104712045,
  "retweets": 75,
  "retweetsPercentage": 39.26701570680628,
  "replies": 20,
  "repliesPercentage": 10.471204188481677,
  "retweeted": 29,
  "retweetedKpi": 0.3,
  "favorited": 74,
  "favoritedKpi": 0.77
}
