{
  "username": "23ydobemos",
  "tweets": 144,
  "ownTweets": 80,
  "ownTweetsPercentage": 55.55555555555556,
  "retweets": 50,
  "retweetsPercentage": 34.72222222222222,
  "replies": 14,
  "repliesPercentage": 9.722222222222223,
  "retweeted": 20,
  "retweetedKpi": 0.25,
  "favorited": 62,
  "favoritedKpi": 0.78
}
