{
  "username": "23ydobemos",
  "tweets": 34,
  "ownTweets": 21,
  "ownTweetsPercentage": 61.764705882352935,
  "retweets": 10,
  "retweetsPercentage": 29.41176470588235,
  "replies": 3,
  "repliesPercentage": 8.823529411764705,
  "retweeted": 13,
  "retweetedKpi": 0.62,
  "favorited": 12,
  "favoritedKpi": 0.57
}
