{
  "username": "23ydobemos",
  "tweets": 255,
  "ownTweets": 106,
  "ownTweetsPercentage": 41.568627450980394,
  "retweets": 119,
  "retweetsPercentage": 46.66666666666667,
  "replies": 30,
  "repliesPercentage": 11.764705882352942,
  "retweeted": 33,
  "retweetedKpi": 0.31,
  "favorited": 112,
  "favoritedKpi": 1.06
}
