{
  "username": "23ydobemos",
  "tweets": 161,
  "ownTweets": 89,
  "ownTweetsPercentage": 55.27950310559006,
  "retweets": 56,
  "retweetsPercentage": 34.78260869565217,
  "replies": 16,
  "repliesPercentage": 9.937888198757763,
  "retweeted": 20,
  "retweetedKpi": 0.22,
  "favorited": 63,
  "favoritedKpi": 0.71
}
