{
  "username": "andreypopp",
  "tweets": 162,
  "ownTweets": 57,
  "ownTweetsPercentage": 35.18518518518518,
  "retweets": 53,
  "retweetsPercentage": 32.716049382716044,
  "replies": 52,
  "repliesPercentage": 32.098765432098766,
  "retweeted": 32,
  "retweetedKpi": 0.56,
  "favorited": 159,
  "favoritedKpi": 2.79
}
