{
  "username": "Ask_11",
  "tweets": 102,
  "ownTweets": 48,
  "ownTweetsPercentage": 47.05882352941176,
  "retweets": 15,
  "retweetsPercentage": 14.705882352941176,
  "replies": 39,
  "repliesPercentage": 38.23529411764706,
  "retweeted": 30,
  "retweetedKpi": 0.63,
  "favorited": 210,
  "favoritedKpi": 4.38
}
