{
  "username": "Ask_11",
  "tweets": 98,
  "ownTweets": 48,
  "ownTweetsPercentage": 48.97959183673469,
  "retweets": 13,
  "retweetsPercentage": 13.26530612244898,
  "replies": 37,
  "repliesPercentage": 37.755102040816325,
  "retweeted": 30,
  "retweetedKpi": 0.63,
  "favorited": 199,
  "favoritedKpi": 4.15
}
