{
  "username": "Ask_11",
  "tweets": 62,
  "ownTweets": 28,
  "ownTweetsPercentage": 45.16129032258065,
  "retweets": 11,
  "retweetsPercentage": 17.741935483870968,
  "replies": 23,
  "repliesPercentage": 37.096774193548384,
  "retweeted": 20,
  "retweetedKpi": 0.71,
  "favorited": 147,
  "favoritedKpi": 5.25
}
