{
  "username": "Ask_11",
  "tweets": 126,
  "ownTweets": 61,
  "ownTweetsPercentage": 48.41269841269841,
  "retweets": 17,
  "retweetsPercentage": 13.492063492063492,
  "replies": 48,
  "repliesPercentage": 38.095238095238095,
  "retweeted": 62,
  "retweetedKpi": 1.02,
  "favorited": 386,
  "favoritedKpi": 6.33
}
