{
  "username": "Ask_11",
  "tweets": 129,
  "ownTweets": 64,
  "ownTweetsPercentage": 49.61240310077519,
  "retweets": 17,
  "retweetsPercentage": 13.178294573643411,
  "replies": 48,
  "repliesPercentage": 37.2093023255814,
  "retweeted": 100,
  "retweetedKpi": 1.56,
  "favorited": 424,
  "favoritedKpi": 6.63
}
