{
  "username": "Ask_11",
  "tweets": 14,
  "ownTweets": 9,
  "ownTweetsPercentage": 64.28571428571428,
  "retweets": 2,
  "retweetsPercentage": 14.285714285714285,
  "replies": 3,
  "repliesPercentage": 21.428571428571427,
  "retweeted": 4,
  "retweetedKpi": 0.44,
  "favorited": 35,
  "favoritedKpi": 3.89
}
