{
  "username": "asktwi",
  "tweets": 141,
  "ownTweets": 18,
  "ownTweetsPercentage": 12.765957446808512,
  "retweets": 64,
  "retweetsPercentage": 45.39007092198582,
  "replies": 59,
  "repliesPercentage": 41.843971631205676,
  "retweeted": 8,
  "retweetedKpi": 0.44,
  "favorited": 10,
  "favoritedKpi": 0.56
}
