{
  "username": "asktwi",
  "tweets": 220,
  "ownTweets": 29,
  "ownTweetsPercentage": 13.18181818181818,
  "retweets": 101,
  "retweetsPercentage": 45.90909090909091,
  "replies": 90,
  "repliesPercentage": 40.90909090909091,
  "retweeted": 15,
  "retweetedKpi": 0.52,
  "favorited": 32,
  "favoritedKpi": 1.1
}
