{
  "username": "asktwi",
  "tweets": 146,
  "ownTweets": 18,
  "ownTweetsPercentage": 12.32876712328767,
  "retweets": 66,
  "retweetsPercentage": 45.205479452054796,
  "replies": 62,
  "repliesPercentage": 42.465753424657535,
  "retweeted": 8,
  "retweetedKpi": 0.44,
  "favorited": 12,
  "favoritedKpi": 0.67
}
