{
  "username": "asktwi",
  "tweets": 472,
  "ownTweets": 74,
  "ownTweetsPercentage": 15.677966101694915,
  "retweets": 211,
  "retweetsPercentage": 44.70338983050848,
  "replies": 187,
  "repliesPercentage": 39.61864406779661,
  "retweeted": 57,
  "retweetedKpi": 0.77,
  "favorited": 117,
  "favoritedKpi": 1.58
}
