{
  "username": "asktwi",
  "tweets": 221,
  "ownTweets": 29,
  "ownTweetsPercentage": 13.122171945701357,
  "retweets": 102,
  "retweetsPercentage": 46.15384615384615,
  "replies": 90,
  "repliesPercentage": 40.723981900452486,
  "retweeted": 15,
  "retweetedKpi": 0.52,
  "favorited": 33,
  "favoritedKpi": 1.14
}
