{
  "username": "awinogradov",
  "tweets": 143,
  "ownTweets": 54,
  "ownTweetsPercentage": 37.76223776223777,
  "retweets": 11,
  "retweetsPercentage": 7.6923076923076925,
  "replies": 78,
  "repliesPercentage": 54.54545454545455,
  "retweeted": 30,
  "retweetedKpi": "0.56",
  "favorited": 117,
  "favoritedKpi": "2.17"
}
