{
  "username": "bashmish",
  "tweets": 158,
  "ownTweets": 57,
  "ownTweetsPercentage": 36.075949367088604,
  "retweets": 28,
  "retweetsPercentage": 17.72151898734177,
  "replies": 73,
  "repliesPercentage": 46.20253164556962,
  "retweeted": 32,
  "retweetedKpi": "0.56",
  "favorited": 21,
  "favoritedKpi": "0.37"
}
