{
  "username": "dan_abramov",
  "tweets": 105,
  "ownTweets": 31,
  "ownTweetsPercentage": 29.523809523809522,
  "retweets": 33,
  "retweetsPercentage": 31.428571428571427,
  "replies": 41,
  "repliesPercentage": 39.047619047619044,
  "retweeted": 25,
  "retweetedKpi": 0.81,
  "favorited": 32,
  "favoritedKpi": 1.03
}
