{
  "username": "dan_abramov",
  "tweets": 545,
  "ownTweets": 168,
  "ownTweetsPercentage": 30.825688073394495,
  "retweets": 182,
  "retweetsPercentage": 33.39449541284404,
  "replies": 195,
  "repliesPercentage": 35.77981651376147,
  "retweeted": 80,
  "retweetedKpi": 0.48,
  "favorited": 289,
  "favoritedKpi": 1.72
}
