{
  "username": "dan_abramov",
  "tweets": 130,
  "ownTweets": 44,
  "ownTweetsPercentage": 33.84615384615385,
  "retweets": 37,
  "retweetsPercentage": 28.46153846153846,
  "replies": 49,
  "repliesPercentage": 37.69230769230769,
  "retweeted": 26,
  "retweetedKpi": 0.59,
  "favorited": 46,
  "favoritedKpi": 1.05
}
