{
  "username": "dan_abramov",
  "tweets": 630,
  "ownTweets": 190,
  "ownTweetsPercentage": 30.158730158730158,
  "retweets": 213,
  "retweetsPercentage": 33.80952380952381,
  "replies": 227,
  "repliesPercentage": 36.03174603174603,
  "retweeted": 85,
  "retweetedKpi": 0.45,
  "favorited": 347,
  "favoritedKpi": 1.83
}
