{
  "username": "dan_abramov",
  "tweets": 299,
  "ownTweets": 95,
  "ownTweetsPercentage": 31.77257525083612,
  "retweets": 87,
  "retweetsPercentage": 29.09698996655518,
  "replies": 117,
  "repliesPercentage": 39.130434782608695,
  "retweeted": 52,
  "retweetedKpi": 0.55,
  "favorited": 107,
  "favoritedKpi": 1.13
}
