{
  "username": "deepsweet",
  "tweets": 568,
  "ownTweets": 192,
  "ownTweetsPercentage": 33.802816901408455,
  "retweets": 206,
  "retweetsPercentage": 36.267605633802816,
  "replies": 170,
  "repliesPercentage": 29.929577464788736,
  "retweeted": 87,
  "retweetedKpi": 0.45,
  "favorited": 395,
  "favoritedKpi": 2.06
}
