{
  "username": "freiksenet",
  "tweets": 797,
  "ownTweets": 198,
  "ownTweetsPercentage": 24.843161856963615,
  "retweets": 344,
  "retweetsPercentage": 43.16185696361355,
  "replies": 255,
  "repliesPercentage": 31.994981179422837,
  "retweeted": 86,
  "retweetedKpi": 0.43,
  "favorited": 235,
  "favoritedKpi": 1.19
}
