{
  "username": "freiksenet",
  "tweets": 808,
  "ownTweets": 205,
  "ownTweetsPercentage": 25.371287128712872,
  "retweets": 347,
  "retweetsPercentage": 42.945544554455445,
  "replies": 256,
  "repliesPercentage": 31.683168316831683,
  "retweeted": 86,
  "retweetedKpi": 0.42,
  "favorited": 237,
  "favoritedKpi": 1.16
}
