{
  "username": "freiksenet",
  "tweets": 811,
  "ownTweets": 205,
  "ownTweetsPercentage": 25.27743526510481,
  "retweets": 349,
  "retweetsPercentage": 43.03329223181258,
  "replies": 257,
  "repliesPercentage": 31.689272503082616,
  "retweeted": 86,
  "retweetedKpi": 0.42,
  "favorited": 237,
  "favoritedKpi": 1.16
}
