{
  "username": "freiksenet",
  "tweets": 751,
  "ownTweets": 188,
  "ownTweetsPercentage": 25.03328894806924,
  "retweets": 320,
  "retweetsPercentage": 42.6098535286285,
  "replies": 243,
  "repliesPercentage": 32.35685752330227,
  "retweeted": 82,
  "retweetedKpi": 0.44,
  "favorited": 224,
  "favoritedKpi": 1.19
}
