{
  "username": "freiksenet",
  "tweets": 754,
  "ownTweets": 190,
  "ownTweetsPercentage": 25.19893899204244,
  "retweets": 321,
  "retweetsPercentage": 42.57294429708223,
  "replies": 243,
  "repliesPercentage": 32.228116710875334,
  "retweeted": 83,
  "retweetedKpi": 0.44,
  "favorited": 224,
  "favoritedKpi": 1.18
}
