{
  "username": "freiksenet",
  "tweets": 714,
  "ownTweets": 184,
  "ownTweetsPercentage": 25.7703081232493,
  "retweets": 299,
  "retweetsPercentage": 41.87675070028011,
  "replies": 231,
  "repliesPercentage": 32.35294117647059,
  "retweeted": 79,
  "retweetedKpi": 0.43,
  "favorited": 218,
  "favoritedKpi": 1.18
}
