{
  "username": "freiksenet",
  "tweets": 421,
  "ownTweets": 134,
  "ownTweetsPercentage": 31.828978622327792,
  "retweets": 162,
  "retweetsPercentage": 38.47980997624703,
  "replies": 125,
  "repliesPercentage": 29.69121140142518,
  "retweeted": 49,
  "retweetedKpi": 0.37,
  "favorited": 171,
  "favoritedKpi": 1.28
}
