{
  "username": "freiksenet",
  "tweets": 133,
  "ownTweets": 65,
  "ownTweetsPercentage": 48.87218045112782,
  "retweets": 39,
  "retweetsPercentage": 29.32330827067669,
  "replies": 29,
  "repliesPercentage": 21.804511278195488,
  "retweeted": 14,
  "retweetedKpi": 0.22,
  "favorited": 101,
  "favoritedKpi": 1.55
}
