{
  "username": "freiksenet",
  "tweets": 166,
  "ownTweets": 80,
  "ownTweetsPercentage": 48.19277108433735,
  "retweets": 48,
  "retweetsPercentage": 28.91566265060241,
  "replies": 38,
  "repliesPercentage": 22.89156626506024,
  "retweeted": 20,
  "retweetedKpi": 0.25,
  "favorited": 121,
  "favoritedKpi": 1.51
}
