{
  "username": "freiksenet",
  "tweets": 513,
  "ownTweets": 149,
  "ownTweetsPercentage": 29.044834307992204,
  "retweets": 208,
  "retweetsPercentage": 40.5458089668616,
  "replies": 156,
  "repliesPercentage": 30.4093567251462,
  "retweeted": 60,
  "retweetedKpi": 0.4,
  "favorited": 181,
  "favoritedKpi": 1.21
}
