{
  "username": "freiksenet",
  "tweets": 273,
  "ownTweets": 97,
  "ownTweetsPercentage": 35.53113553113553,
  "retweets": 106,
  "retweetsPercentage": 38.827838827838825,
  "replies": 70,
  "repliesPercentage": 25.641025641025642,
  "retweeted": 32,
  "retweetedKpi": 0.33,
  "favorited": 144,
  "favoritedKpi": 1.48
}
