{
  "username": "freiksenet",
  "tweets": 372,
  "ownTweets": 122,
  "ownTweetsPercentage": 32.795698924731184,
  "retweets": 142,
  "retweetsPercentage": 38.17204301075269,
  "replies": 108,
  "repliesPercentage": 29.032258064516128,
  "retweeted": 44,
  "retweetedKpi": 0.36,
  "favorited": 167,
  "favoritedKpi": 1.37
}
