{
  "username": "freiksenet",
  "tweets": 503,
  "ownTweets": 147,
  "ownTweetsPercentage": 29.224652087475146,
  "retweets": 202,
  "retweetsPercentage": 40.15904572564612,
  "replies": 154,
  "repliesPercentage": 30.616302186878727,
  "retweeted": 57,
  "retweetedKpi": 0.39,
  "favorited": 180,
  "favoritedKpi": 1.22
}
