{
  "username": "freiksenet",
  "tweets": 815,
  "ownTweets": 206,
  "ownTweetsPercentage": 25.2760736196319,
  "retweets": 351,
  "retweetsPercentage": 43.06748466257668,
  "replies": 258,
  "repliesPercentage": 31.65644171779141,
  "retweeted": 90,
  "retweetedKpi": 0.44,
  "favorited": 238,
  "favoritedKpi": 1.16
}
