{
  "username": "freiksenet",
  "tweets": 824,
  "ownTweets": 207,
  "ownTweetsPercentage": 25.12135922330097,
  "retweets": 356,
  "retweetsPercentage": 43.20388349514563,
  "replies": 261,
  "repliesPercentage": 31.674757281553397,
  "retweeted": 90,
  "retweetedKpi": 0.43,
  "favorited": 241,
  "favoritedKpi": 1.16
}
