{
  "username": "freiksenet",
  "tweets": 820,
  "ownTweets": 207,
  "ownTweetsPercentage": 25.243902439024392,
  "retweets": 353,
  "retweetsPercentage": 43.04878048780488,
  "replies": 260,
  "repliesPercentage": 31.707317073170735,
  "retweeted": 90,
  "retweetedKpi": 0.43,
  "favorited": 240,
  "favoritedKpi": 1.16
}
