{
  "username": "freiksenet",
  "tweets": 901,
  "ownTweets": 222,
  "ownTweetsPercentage": 24.639289678135405,
  "retweets": 392,
  "retweetsPercentage": 43.50721420643729,
  "replies": 287,
  "repliesPercentage": 31.853496115427305,
  "retweeted": 98,
  "retweetedKpi": 0.44,
  "favorited": 259,
  "favoritedKpi": 1.17
}
