{
  "username": "i_komarov",
  "tweets": 89,
  "ownTweets": 53,
  "ownTweetsPercentage": 59.550561797752806,
  "retweets": 23,
  "retweetsPercentage": 25.84269662921348,
  "replies": 13,
  "repliesPercentage": 14.606741573033707,
  "retweeted": 22,
  "retweetedKpi": 0.42,
  "favorited": 62,
  "favoritedKpi": 1.17
}
