{
  "username": "i_komarov",
  "tweets": 114,
  "ownTweets": 64,
  "ownTweetsPercentage": 56.140350877192986,
  "retweets": 33,
  "retweetsPercentage": 28.947368421052634,
  "replies": 17,
  "repliesPercentage": 14.912280701754387,
  "retweeted": 26,
  "retweetedKpi": 0.41,
  "favorited": 84,
  "favoritedKpi": 1.31
}
