{
  "username": "i_komarov",
  "tweets": 112,
  "ownTweets": 62,
  "ownTweetsPercentage": 55.357142857142854,
  "retweets": 33,
  "retweetsPercentage": 29.46428571428571,
  "replies": 17,
  "repliesPercentage": 15.178571428571427,
  "retweeted": 26,
  "retweetedKpi": 0.42,
  "favorited": 86,
  "favoritedKpi": 1.39
}
