{
  "username": "i_komarov",
  "tweets": 58,
  "ownTweets": 33,
  "ownTweetsPercentage": 56.896551724137936,
  "retweets": 19,
  "retweetsPercentage": 32.758620689655174,
  "replies": 6,
  "repliesPercentage": 10.344827586206897,
  "retweeted": 11,
  "retweetedKpi": 0.33,
  "favorited": 41,
  "favoritedKpi": 1.24
}
