{
  "username": "iamstarkov",
  "tweets": 389,
  "ownTweets": 250,
  "ownTweetsPercentage": 64.26735218508998,
  "retweets": 52,
  "retweetsPercentage": 13.367609254498714,
  "replies": 87,
  "repliesPercentage": 22.36503856041131,
  "retweeted": 37,
  "retweetedKpi": "0.15",
  "favorited": 38,
  "favoritedKpi": "0.15"
}
