{
  "username": "iamstarkov",
  "tweets": 389,
  "ownTweets": 251,
  "ownTweetsPercentage": 64.52442159383033,
  "retweets": 52,
  "retweetsPercentage": 13.367609254498714,
  "replies": 86,
  "repliesPercentage": 22.10796915167095,
  "retweeted": 37,
  "retweetedKpi": "0.15",
  "favorited": 38,
  "favoritedKpi": "0.15"
}
