{
  "username": "listochkin",
  "tweets": 63,
  "ownTweets": 17,
  "ownTweetsPercentage": 26.984126984126984,
  "retweets": 21,
  "retweetsPercentage": 33.333333333333336,
  "replies": 25,
  "repliesPercentage": 39.682539682539684,
  "retweeted": 15,
  "retweetedKpi": "0.88",
  "favorited": 20,
  "favoritedKpi": "1.18"
}
