{
  "username": "listochkin",
  "tweets": 817,
  "ownTweets": 276,
  "ownTweetsPercentage": 33.782129742962056,
  "retweets": 395,
  "retweetsPercentage": 48.34761321909425,
  "replies": 146,
  "repliesPercentage": 17.870257037943695,
  "retweeted": 109,
  "retweetedKpi": "0.39",
  "favorited": 442,
  "favoritedKpi": "1.60"
}
