{
  "username": "listochkin",
  "tweets": 820,
  "ownTweets": 277,
  "ownTweetsPercentage": 33.78048780487805,
  "retweets": 396,
  "retweetsPercentage": 48.29268292682927,
  "replies": 147,
  "repliesPercentage": 17.926829268292686,
  "retweeted": 112,
  "retweetedKpi": 0.4,
  "favorited": 470,
  "favoritedKpi": 1.7
}
