{
  "username": "lomakin",
  "tweets": 113,
  "ownTweets": 50,
  "ownTweetsPercentage": 44.247787610619476,
  "retweets": 10,
  "retweetsPercentage": 8.849557522123895,
  "replies": 53,
  "repliesPercentage": 46.90265486725664,
  "retweeted": 32,
  "retweetedKpi": "0.64",
  "favorited": 141,
  "favoritedKpi": "2.82"
}
