{
  "username": "lomakin",
  "tweets": 113,
  "ownTweets": 48,
  "ownTweetsPercentage": 42.47787610619469,
  "retweets": 10,
  "retweetsPercentage": 8.849557522123895,
  "replies": 55,
  "repliesPercentage": 48.67256637168142,
  "retweeted": 32,
  "retweetedKpi": "0.67",
  "favorited": 140,
  "favoritedKpi": "2.92"
}
