{
  "username": "mistakster",
  "tweets": 485,
  "ownTweets": 186,
  "ownTweetsPercentage": 38.35051546391753,
  "retweets": 191,
  "retweetsPercentage": 39.381443298969074,
  "replies": 108,
  "repliesPercentage": 22.268041237113405,
  "retweeted": 66,
  "retweetedKpi": 0.35,
  "favorited": 322,
  "favoritedKpi": 1.73
}
