{
  "username": "mraleph",
  "tweets": 272,
  "ownTweets": 50,
  "ownTweetsPercentage": 18.38235294117647,
  "retweets": 32,
  "retweetsPercentage": 11.76470588235294,
  "replies": 190,
  "repliesPercentage": 69.85294117647058,
  "retweeted": 100,
  "retweetedKpi": "2.00",
  "favorited": 139,
  "favoritedKpi": "2.78"
}
