{
  "username": "pepelsbey",
  "tweets": 157,
  "ownTweets": 107,
  "ownTweetsPercentage": 68.15286624203821,
  "retweets": 19,
  "retweetsPercentage": 12.101910828025478,
  "replies": 31,
  "repliesPercentage": 19.745222929936304,
  "retweeted": 27,
  "retweetedKpi": 0.25,
  "favorited": 70,
  "favoritedKpi": 0.65
}
