{
  "username": "pepelsbey",
  "tweets": 308,
  "ownTweets": 188,
  "ownTweetsPercentage": 61.03896103896104,
  "retweets": 40,
  "retweetsPercentage": 12.987012987012987,
  "replies": 80,
  "repliesPercentage": 25.974025974025974,
  "retweeted": 73,
  "retweetedKpi": 0.39,
  "favorited": 242,
  "favoritedKpi": 1.29
}
