{
  "username": "pepelsbey",
  "tweets": 173,
  "ownTweets": 110,
  "ownTweetsPercentage": 63.58381502890173,
  "retweets": 19,
  "retweetsPercentage": 10.982658959537572,
  "replies": 44,
  "repliesPercentage": 25.433526011560694,
  "retweeted": 43,
  "retweetedKpi": 0.39,
  "favorited": 103,
  "favoritedKpi": 0.94
}
