{
  "username": "pepelsbey",
  "tweets": 172,
  "ownTweets": 109,
  "ownTweetsPercentage": 63.372093023255815,
  "retweets": 19,
  "retweetsPercentage": 11.046511627906977,
  "replies": 44,
  "repliesPercentage": 25.58139534883721,
  "retweeted": 43,
  "retweetedKpi": 0.39,
  "favorited": 103,
  "favoritedKpi": 0.94
}
