{
  "username": "pepelsbey",
  "tweets": 109,
  "ownTweets": 71,
  "ownTweetsPercentage": 65.13761467889908,
  "retweets": 14,
  "retweetsPercentage": 12.844036697247706,
  "replies": 24,
  "repliesPercentage": 22.01834862385321,
  "retweeted": 20,
  "retweetedKpi": 0.28,
  "favorited": 32,
  "favoritedKpi": 0.45
}
