{
  "username": "pixelscommander",
  "tweets": 126,
  "ownTweets": 41,
  "ownTweetsPercentage": 32.53968253968254,
  "retweets": 40,
  "retweetsPercentage": 31.746031746031747,
  "replies": 45,
  "repliesPercentage": 35.714285714285715,
  "retweeted": 41,
  "retweetedKpi": 1,
  "favorited": 101,
  "favoritedKpi": 2.46
}
