{
  "username": "pukhalski",
  "tweets": 185,
  "ownTweets": 22,
  "ownTweetsPercentage": 11.891891891891891,
  "retweets": 91,
  "retweetsPercentage": 49.189189189189186,
  "replies": 72,
  "repliesPercentage": 38.91891891891892,
  "retweeted": 23,
  "retweetedKpi": "1.05",
  "favorited": 36,
  "favoritedKpi": "1.64"
}
