{
  "username": "pukhalski",
  "tweets": 180,
  "ownTweets": 24,
  "ownTweetsPercentage": 13.333333333333332,
  "retweets": 86,
  "retweetsPercentage": 47.77777777777778,
  "replies": 70,
  "repliesPercentage": 38.888888888888886,
  "retweeted": 23,
  "retweetedKpi": 0.96,
  "favorited": 36,
  "favoritedKpi": 1.5
}
