{
  "username": "roman01la",
  "tweets": 168,
  "ownTweets": 128,
  "ownTweetsPercentage": 76.19047619047619,
  "retweets": 10,
  "retweetsPercentage": 5.9523809523809526,
  "replies": 30,
  "repliesPercentage": 17.857142857142858,
  "retweeted": 33,
  "retweetedKpi": 0.26,
  "favorited": 111,
  "favoritedKpi": 0.87
}
