{
  "username": "subzey",
  "tweets": 558,
  "ownTweets": 169,
  "ownTweetsPercentage": 30.28673835125448,
  "retweets": 234,
  "retweetsPercentage": 41.935483870967744,
  "replies": 155,
  "repliesPercentage": 27.77777777777778,
  "retweeted": 146,
  "retweetedKpi": "0.86",
  "favorited": 296,
  "favoritedKpi": "1.75"
}
