{
  "username": "subzey",
  "tweets": 430,
  "ownTweets": 133,
  "ownTweetsPercentage": 30.930232558139537,
  "retweets": 177,
  "retweetsPercentage": 41.16279069767442,
  "replies": 120,
  "repliesPercentage": 27.906976744186046,
  "retweeted": 108,
  "retweetedKpi": "0.81",
  "favorited": 191,
  "favoritedKpi": "1.44"
}
