{
  "username": "toivonens",
  "tweets": 375,
  "ownTweets": 205,
  "ownTweetsPercentage": 54.666666666666664,
  "retweets": 46,
  "retweetsPercentage": 12.266666666666667,
  "replies": 124,
  "repliesPercentage": 33.06666666666667,
  "retweeted": 89,
  "retweetedKpi": 0.43,
  "favorited": 262,
  "favoritedKpi": 1.28
}
