{
  "username": "veged",
  "tweets": 84,
  "ownTweets": 14,
  "ownTweetsPercentage": 16.666666666666668,
  "retweets": 39,
  "retweetsPercentage": 46.42857142857143,
  "replies": 31,
  "repliesPercentage": 36.904761904761905,
  "retweeted": 11,
  "retweetedKpi": 0.79,
  "favorited": 9,
  "favoritedKpi": 0.64
}
